Toor Dal / Arhar Dal,1 kg,140,130,1,1,1,https://encrypted-tbn1.gstatic.com/images?q=tbn:ANd9GcTFYdZGszpwHLtiKHV7ya_uaFMpicazlSBjwtvzU_KmKsL4X4qccQ
Toor Dal / Arhar Dal,10 kg,1400,1280,1,1,1,https://encrypted-tbn1.gstatic.com/images?q=tbn:ANd9GcTFYdZGszpwHLtiKHV7ya_uaFMpicazlSBjwtvzU_KmKsL4X4qccQ
Toor Dal / Arhar Dal,50 kg,7000,6250,1,1,1,https://encrypted-tbn1.gstatic.com/images?q=tbn:ANd9GcTFYdZGszpwHLtiKHV7ya_uaFMpicazlSBjwtvzU_KmKsL4X4qccQ
Palli / Raw Peanuts,500 gm,60,50,1,1,1,https://encrypted-tbn0.gstatic.com/images?q=tbn:ANd9GcQL7Fj1lLQAlEO2n_17oRSrkscnzhFarmHjhVDPVc6SYZ4eiM-z
Palli / Raw Peanuts,1 kg,120,98,1,1,1,https://encrypted-tbn0.gstatic.com/images?q=tbn:ANd9GcQL7Fj1lLQAlEO2n_17oRSrkscnzhFarmHjhVDPVc6SYZ4eiM-z
Palli / Raw Peanuts,1 kg,120,98,1,1,1,https://encrypted-tbn0.gstatic.com/images?q=tbn:ANd9GcQL7Fj1lLQAlEO2n_17oRSrkscnzhFarmHjhVDPVc6SYZ4eiM-z
Moong Dal,250 gm,35,30,1,1,1,https://encrypted-tbn1.gstatic.com/images?q=tbn:ANd9GcROdJPjED0OkH9lwDGclfyj1IhuL8X-tr20doyJz2HydU34FmhdxH6uk52b
Moong Dal,500 gm,70,55,1,1,1,https://encrypted-tbn1.gstatic.com/images?q=tbn:ANd9GcROdJPjED0OkH9lwDGclfyj1IhuL8X-tr20doyJz2HydU34FmhdxH6uk52b
Urad Dal,500 gm,100,75,1,1,1,https://encrypted-tbn3.gstatic.com/images?q=tbn:ANd9GcS9JI7rmCCjYY4jh4tFy2NZLjyGCV4xzmtzFEA_LhPAEeubse8vyj8Ya1uPdQ
Urad Dal,1 kg,200,150,1,1,1,https://encrypted-tbn3.gstatic.com/images?q=tbn:ANd9GcS9JI7rmCCjYY4jh4tFy2NZLjyGCV4xzmtzFEA_LhPAEeubse8vyj8Ya1uPdQ
Kabuli Channa Big,500 gm,80,65,1,1,1,http://www.bigbasket.com/media/uploads/p/s/30000115_4-bb-royal-kabuli-channa-big.jpg
Channa Dal,250 gm,45,40,1,1,1,http://www.bigbasket.com/media/uploads/p/s/20000540_2-bb-popular-channa-dal.jpg
Channa Dal,500 gm,60,48,1,1,1,http://www.bigbasket.com/media/uploads/p/s/20000540_2-bb-popular-channa-dal.jpg
Masoor Dal,250 gm,30,25,1,1,1,http://www.bigbasket.com/media/uploads/p/s/30010366_1-bb-popular-masoor-dal.jpg
Masoor Dal,500 gm,60,45,1,1,1,http://www.bigbasket.com/media/uploads/p/s/30010366_1-bb-popular-masoor-dal.jpg
Chenagalu / Channa Brown (Small),500 gm,50,40,1,1,1,https://encrypted-tbn0.gstatic.com/images?q=tbn:ANd9GcQZ87sav4zkAFJyX7lyt_QWPB44NYYtqoWp5MXJXBZree4sTjc81zAujwkR
Putnalu / Fried Gram / Bengal Gram,500 gm,90,80,1,1,1,https://encrypted-tbn3.gstatic.com/images?q=tbn:ANd9GcRBQX9WopCoez1MCJ0tXv7yU_It2GZ3nk7GsRPT8KRhxo2CTVUx
Putnalu / Fried Gram / Bengal Gram,1 kg,180,160,1,1,1,https://encrypted-tbn3.gstatic.com/images?q=tbn:ANd9GcRBQX9WopCoez1MCJ0tXv7yU_It2GZ3nk7GsRPT8KRhxo2CTVUx
Putnalu / Fried Gram / Bengal Gram,250 gm,45,40,1,1,1,https://encrypted-tbn3.gstatic.com/images?q=tbn:ANd9GcRBQX9WopCoez1MCJ0tXv7yU_It2GZ3nk7GsRPT8KRhxo2CTVUx
Soya - Chunks Nutrela,200 gm,40,39,1,1,1,
Akharot / Walnut Kernels,250 gm,475,300,1,2,1,http://www.bigbasket.com/media/uploads/p/s/10000512_4-bb-royal-walnut-kernelsakharot.jpg
Badam / Almond Californian (Extra Bold),100 gm,90,75,1,2,1,http://www.bigbasket.com/media/uploads/p/s/30000127_2-bb-royal-almond-badam-mamra.jpg
Badam / Almond Californian (Extra Bold),250 gm,225,170,1,2,1,http://www.bigbasket.com/media/uploads/p/s/30000127_2-bb-royal-almond-badam-mamra.jpg
Badam / Almond Californian (Extra Bold),500 gm,450,330,1,2,1,http://www.bigbasket.com/media/uploads/p/s/30000127_2-bb-royal-almond-badam-mamra.jpg
Kaju Whole / Cashew,100 gm,90,80,1,2,1,https://encrypted-tbn1.gstatic.com/images?q=tbn:ANd9GcTU4EnFnJAz3oJUi2BHdAOjvL4k2KReCs3-7szZX1MU936OkWI_bHP3X6v0
Kaju Whole / Cashew,250 gm,225,185,1,2,1,https://encrypted-tbn1.gstatic.com/images?q=tbn:ANd9GcTU4EnFnJAz3oJUi2BHdAOjvL4k2KReCs3-7szZX1MU936OkWI_bHP3X6v0
Kaju Whole / Cashew,500 gm,450,360,1,2,1,https://encrypted-tbn1.gstatic.com/images?q=tbn:ANd9GcTU4EnFnJAz3oJUi2BHdAOjvL4k2KReCs3-7szZX1MU936OkWI_bHP3X6v0
Kaju Whole / Cashew,1 kg,900,720,1,2,1,https://encrypted-tbn1.gstatic.com/images?q=tbn:ANd9GcTU4EnFnJAz3oJUi2BHdAOjvL4k2KReCs3-7szZX1MU936OkWI_bHP3X6v0
Anjeer / Figs,250 gm,200,180,1,2,1,https://encrypted-tbn2.gstatic.com/images?q=tbn:ANd9GcQOxrshh02oiqckFG2ZAgQW4zommWNHbZkSHOEwhVklDarDPoe7
Pista Plain Kernel,100 gm,150,140,1,2,1,https://encrypted-tbn0.gstatic.com/images?q=tbn:ANd9GcSgAV9M4GtMBu2lxgWlNFlG3tj4GDcfZOOs1ROsxAxqALH5oj-q0w
Kaju Split / Cashew,1 kg,900,620,1,2,1,https://encrypted-tbn3.gstatic.com/images?q=tbn:ANd9GcSrxUAXEBGH5OYLfVbkE6AtK5HKq4fn6F4qlUfxZ_TzePx09WeE-MiXvUSlhg
Kaju Split / Cashew,100 gm,90,70,1,2,1,https://encrypted-tbn3.gstatic.com/images?q=tbn:ANd9GcSrxUAXEBGH5OYLfVbkE6AtK5HKq4fn6F4qlUfxZ_TzePx09WeE-MiXvUSlhg
Kaju Split / Cashew,250 gm,225,165,1,2,1,https://encrypted-tbn3.gstatic.com/images?q=tbn:ANd9GcSrxUAXEBGH5OYLfVbkE6AtK5HKq4fn6F4qlUfxZ_TzePx09WeE-MiXvUSlhg
Pistachios - Roasted &amp; Salted,250 gm,390,240,1,2,1,http://www.bigbasket.com/media/uploads/p/s/40019557_2-bb-popular-irani-pista.jpg
Dates Kimia - 500 gm,1 pc,200,150,1,2,1,https://encrypted-tbn1.gstatic.com/images?q=tbn:ANd9GcR7IFUBUbPg57fNo6xK53qLPhfw0MjSK4ZF0Kob8lGUBY2XQCWUefKuAK7t
Kajur,250 gm,30,20,1,2,1,https://encrypted-tbn3.gstatic.com/images?q=tbn:ANd9GcRpuH57fQRwaXKDUu3MYctXKGqEg7mhmYMQyZgGddNlIl1mE0NMNg
Kishmish / Indian Raisins,250 gm,90,70,1,2,1,http://www.bigbasket.com/media/uploads/p/s/40046740_1-bb-royal-indian-raisinskishmish.jpg
Kishmish / Indian Raisins,100 gm,35,30,1,2,1,http://www.bigbasket.com/media/uploads/p/s/40046740_1-bb-royal-indian-raisinskishmish.jpg
Avisalu / Flax Seeds,250 gm,35,30,1,2,1,https://encrypted-tbn2.gstatic.com/images?q=tbn:ANd9GcSsFkDkFJluwl5FzrMgAcBHORTo_aCWauD40VPymLJoE0gdcfFb47QcRG-O
Dates - Lion,200 gm,35,34,1,2,1,https://p2.zopnow.com/images/products/140/lion-lion-deseeded-dates-pouch-pack-200-g-1.png
Dates - Lion,500 gm,90,85,1,2,1,https://p2.zopnow.com/images/products/140/1338034940-Z-238-copy.png
Tarabuja Seed/WaterMelon,50 gm,25,15,1,2,1,http://www.bigbasket.com/media/uploads/p/s/20000422_2-bb-royal-watermelontarabuja-seed.jpg
Alubukhara Dried,50 gm,40,25,1,2,1,https://encrypted-tbn1.gstatic.com/images?q=tbn:ANd9GcQJgudlaDPqbVCicoHIk7ShfoZ5BfQglP9yH0cvDeQeBVUcoSNcT2S9xwbl
Kharbuja Seed / Musk Melon,50 gm,25,15,1,2,1,http://www.bigbasket.com/media/uploads/p/s/20000421_2-bb-royal-musk-melonkharbuja-seed.jpg
Crane Sweet,40 gm,60,58,1,2,1,
Crane Hot,40 gm,60,58,1,2,1,
Soamp - Green,100 gm,40,30,1,2,1,
Dhaniya Papu / Sukmuk,50 gm,20,15,1,2,1,https://encrypted-tbn1.gstatic.com/images?q=tbn:ANd9GcQJkEbwcgcDDKuX1a524izM9GBkoyVG2yiQtkIA8XZ9SP8mJUok
Sunflower - Refined Oil - Freedom,1 lt,109,84,1,3,1,http://www.bigbasket.com/media/uploads/p/s/271035_5-freedom-refined-oil-sunflower.jpg
Sunflower - Refined Oil - Healthy Heart,1 lt,115,80,1,3,1,http://www.bigbasket.com/media/uploads/p/s/279261_1-healthy-heart-refined-oil-sunflower.jpg
Sunflower - Refined Oil - Freedom,5 lt Can,555,450,1,3,1,http://www.bigbasket.com/media/uploads/p/s/271037_2-freedom-refined-oil-sunflower.jpg
Rice Bran Oil Priya,1 lt,99,85,1,3,1,http://www.bigbasket.com/media/uploads/p/s/204741_2-priya-refined-oil-rice-bran.jpg
Sunflower - Refined Oil - Gold Drop,1 lt,108,85,1,3,1,http://www.bigbasket.com/media/uploads/p/s/279280_4-gold-drop-refined-oil-sunflower.jpg
Sunflower - Refined Oil - Fortune,5 lt Can,600,450,1,3,1,https://p2.zopnow.com/images/products/140/fortune-refined-sunflower-oil-jar-v-5-ltr.png
Mustard Oil,1 lt,135,130,1,3,1,
Ghee - Durga,500 ml,270,260,1,3,1,http://www.bigbasket.com/media/uploads/p/s/204768_1-durga-ghee.jpg
Rice Bran Oil Physically Refined - Freedom,1 lt,105,80,1,3,1,http://www.bigbasket.com/media/uploads/p/s/40060671_2-freedom-rice-bran-oil-physically-refined.jpg
Saffola Gold ,1 lt,150,145,1,3,1,https://p1.zopnow.com/images/products/140/1325222236-Picture-1062-copy.png
Saffola Gold,5 lt Can,750,740,1,3,1,https://p1.zopnow.com/images/products/140/saffola-saffola-gold-losorb-oil-jar-5-ltr-1.png
Nugulanune - Pooja / Gingelly Oil,1 lt,146,130,1,3,1,http://www.bigbasket.com/media/uploads/p/s/20003469_1-pooja-gingelly-oil.jpg
Vijaya Pure Ghee,1 lt,425,400,1,3,1,http://www.bigbasket.com/media/uploads/p/s/196953_3-vijaya-pure-ghee.jpg
Sunflower - Refined Oil - Gold Drop,5 lt Can,599,460,1,3,1,http://www.bigbasket.com/media/uploads/p/s/20003922_2-gold-drop-refined-sunflower-oil.jpg
Nugulanune - Pooja/Gingelly Oil,500 ml,75,70,1,3,1,http://www.bigbasket.com/media/uploads/p/s/20003470_1-pooja-gingelly-oil.jpg
Sunflower - Refined Oil - Healthy Heart,5 lt Can,499,450,1,3,1,http://www.bigbasket.com/media/uploads/p/s/187428_1-healthy-heart-refined-oil-sunflower.jpg
Pally Oil - A S Brand / Groundnut Oil - Double Filtered,1 lt,150,123,1,3,1,http://www.bigbasket.com/media/uploads/p/s/20003471_1-a-s-brand-groundnut-oil-double-filtered.jpg
Ghee - Durga,200 ml,110,108,1,3,1,http://www.bigbasket.com/media/uploads/p/s/20003706_1-durga-ghee.jpg
Nugulanune - Gingelly Oil - Idhayam,500 ml,110,108,1,3,1,http://www.bigbasket.com/media/uploads/p/s/148682_1-idhayam-oil-gingelly.jpg
Nugulanune - Gingelly Oil - Idhayam,1 lt,221,210,1,3,1,http://www.bigbasket.com/media/uploads/p/s/148681_1-idhayam-oil-gingelly.jpg
Cow Ghee - Sakthi,500 ml Jar,256,250,1,3,1,http://www.bigbasket.com/media/uploads/p/s/20002729_1-sakthi-cow-ghee.jpg
Sunflower - Refined Oil - Freedom,15 lt Tin,1550,1250,1,3,1,http://www.bigbasket.com/media/uploads/p/s/271040_2-freedom-refined-oil-sunflower.jpg
Sunflower - Refined Oil - Freedom,3 lt Can,333,290,1,3,1,http://www.bigbasket.com/media/uploads/p/s/20006452_1-freedom-refined-oil-sunflower.jpg
Ghee - Durga,100 ml,56,55,1,3,1,http://www.bigbasket.com/media/uploads/p/s/20004522_1-durga-ghee.jpg
Olive Oil - Figaro,100 ml Bottle,115,110,1,3,1,https://p1.zopnow.com/images/products/140/figaro-figaro-olive-oil-200-ml.png
Olive Oil - Figaro,1 lt Tin,708,700,1,3,1,https://p1.zopnow.com/images/products/140/figaro-figaro-olive-oil-1-ltr.png
Sunflower - Refined Oil - Gold Drop,15 lt Tin,1399,1250,1,3,1,http://www.bigbasket.com/media/uploads/p/s/20003921_1-gold-drop-refined-sunflower-oil.jpg
Sunflower - Refined Oil - Healthy Heart,15 lt Tin,1400,1200,1,3,1,http://www.bigbasket.com/media/uploads/p/s/279260_1-healthy-heart-gold-refined-oil-sunflower.jpg
Nugulanune - Gingelly Oil - Idhayam,200 ml,45,44,1,3,1,http://www.bigbasket.com/media/uploads/p/s/20003444_1-idhayam-gingelly-oil.jpg
Dalda - Vanaspati,1 lt,105,85,1,3,1,http://www.bigbasket.com/media/uploads/p/s/40006893_1-dalda-vanaspati.jpg
Chenaga pindi / Besan Flour,500 gm,60,48,1,4,1,http://www.bigbasket.com/media/uploads/p/s/40044723_4-bb-royal-besan-flour.jpg
Bombay Rava,500 gm,25,17,1,4,1,http://www.bigbasket.com/media/uploads/p/s/20000522_2-bb-royal-bombay-rava.jpg
Aashirvaad Multigrains Atta,5 kg,255,240,1,4,1,https://p1.zopnow.com/images/products/140/aashirvaad-aata-with-multigrains-v-5-kg.png
Aashirvaad Whole Wheat Atta,1 kg,47,42,1,4,1,http://www.bigbasket.com/media/uploads/p/s/30006887_2-aashirvaad-atta-whole-wheat.jpg
Aashirvaad Whole Wheat Atta,5 kg,225,190,1,4,1,https://p1.zopnow.com/images/products/140/aashirvaad-whole-wheat-atta-v-5-kg.png
Aashirvaad Whole Wheat Atta,10 kg,410,345,1,4,1,https://p1.zopnow.com/images/products/140/aashirvaad-whole-wheat-atta-v-10-kg-1.png
Rava - Wheat (Medium),500 gm,30,20,1,4,1,http://www.bigbasket.com/media/uploads/p/s/20000403_2-bb-royal-rava-wheat-medium.jpg
Rava - Wheat (Medium),1 kg,55,40,1,4,1,http://www.bigbasket.com/media/uploads/p/s/20000403_2-bb-royal-rava-wheat-medium.jpg
Maida,500 gm,25,17,1,4,1,http://www.bigbasket.com/media/uploads/p/s/10000468_8-bb-royal-maida.jpg
Maida,1 kg,45,33,1,4,1,http://www.bigbasket.com/media/uploads/p/s/10000468_8-bb-royal-maida.jpg
Idli Rava,500 gm,25,15,1,4,1,http://www.bigbasket.com/media/uploads/p/s/20000524_3-bb-royal-idli-soojirava.jpg
Ragi pindi,500 gm,30,25,1,4,1,http://www.bigbasket.com/media/uploads/p/s/10000473_7-bb-royal-ragi-flour.jpg
Biyam pindi,500 gm,25,20,1,4,1,https://encrypted-tbn1.gstatic.com/images?q=tbn:ANd9GcS9QjjhDNcrYjLw2OWuJD6wjDJjkD6TOkD3WEzQcf9ooARQcJCy7srjuP6DaA
Jonna pindi / Jowar Flour,1 kg,60,50,1,4,1,http://www.bigbasket.com/media/uploads/p/s/20000411_4-bb-royal-jowar-flour.jpg
Corn Flour / Makka Atta,500 gm,35,20,1,4,1,http://www.bigbasket.com/media/uploads/p/s/20000565_4-bb-royal-corn-flourmakka-atta.jpg
Godmalu / Wheat Bansi,1 kg,40,29,1,4,1,http://www.bigbasket.com/media/uploads/p/s/20000576_3-bb-royal-bansi-whole-wheat.jpg
Puliogare MTR Powder,100 gm,42,38,1,4,1,http://www.bigbasket.com/media/uploads/p/s/260769_1-mtr-powder-puliogare.jpg
Godama pindi / Bombay Atta,1 kg,50,28,1,4,1,https://encrypted-tbn0.gstatic.com/images?q=tbn:ANd9GcR-nnEEWgmx2F_gak70SNOvj4rs557pr9c9FTp7br9ZTffKIMa0
Lal Mirchi / Red Chilli,250 gm,55,40,1,5,1,http://www.bigbasket.com/media/uploads/p/s/20000441_2-bb-royal-chilli-red-long-stemless.jpg
Jilukara / Jeera Whole,100 gm,30,25,1,5,1,https://encrypted-tbn3.gstatic.com/images?q=tbn:ANd9GcR8p_-hY70jq7kfMpoar9fX0oQJ-3Pr72qkVDEopRyn454SaDepF5xQtyKE_Q
Jilukara / Jeera Whole,250 gm,75,55,1,5,1,https://encrypted-tbn3.gstatic.com/images?q=tbn:ANd9GcR8p_-hY70jq7kfMpoar9fX0oQJ-3Pr72qkVDEopRyn454SaDepF5xQtyKE_Q
Avalu / Mustard / Rai Small,100 gm,15,10,1,5,1,https://encrypted-tbn1.gstatic.com/images?q=tbn:ANd9GcQ0BRyp_PUDNB08M22ByQx3KcqLy0S9DeSEn1CptzwwkCByOK8ogx4QtI2M
Dhaniyalu / Dhania Seeds / Coriander,100 gm,40,15,1,5,1,https://lh4.googleusercontent.com/proxy/BSEPsUu3t9EdwwjezvxGPE_sw_WESmvD94SPDfCZv04abYEll3OEoGY90NGv-m8oPfiPmWPqoGTQS3JHSiEl-WY5RJAug-xB_rsSjF8yM7TY60NupPGnWwMipTfeZl2k5vPc720Q1JLBYTbiLA6DGZ3rSKNYTS4TWNgAW4v-dMNHQlBMhNkgQbN8FkFTSrKaJtNL5ydNtmQx-Y5Bs5yjYA=w384-h384-nc
Dhaniyalu / Dhania Seeds / Coriander,250 gm,100,35,1,5,1,https://lh4.googleusercontent.com/proxy/BSEPsUu3t9EdwwjezvxGPE_sw_WESmvD94SPDfCZv04abYEll3OEoGY90NGv-m8oPfiPmWPqoGTQS3JHSiEl-WY5RJAug-xB_rsSjF8yM7TY60NupPGnWwMipTfeZl2k5vPc720Q1JLBYTbiLA6DGZ3rSKNYTS4TWNgAW4v-dMNHQlBMhNkgQbN8FkFTSrKaJtNL5ydNtmQx-Y5Bs5yjYA=w384-h384-nc
Elaichi Green / Cardamom,10 gm,20,15,1,5,1,https://encrypted-tbn1.gstatic.com/images?q=tbn:ANd9GcR-6YYmTywiPFZGHXwP5NrmFnHKHetebd2KcYfedVl9CsS0SfAu
Elaichi Green / Cardamom,50 gm,100,70,1,5,1,https://encrypted-tbn1.gstatic.com/images?q=tbn:ANd9GcR-6YYmTywiPFZGHXwP5NrmFnHKHetebd2KcYfedVl9CsS0SfAu
Miryalu / Kali Mirch / Black Pepper,50 gm,90,50,1,5,1,https://encrypted-tbn2.gstatic.com/images?q=tbn:ANd9GcTGTbN0AbFcEgTp-eAHjfnZbl5fHCT-lHEQc0Ow4FrC6LoXL4vW2Q
Pasupu / Turmeric Powder - Swastik,100 gm,30,18,1,5,1,https://encrypted-tbn1.gstatic.com/images?q=tbn:ANd9GcSWmksxw-EXzV1OTIDPtww6_vJGANtVmV74SAE6-ByPW0BbYfPuBuEivYY8VQ
Pasupu / Turmeric Powder,250 gm,50,40,1,5,1,https://encrypted-tbn3.gstatic.com/images?q=tbn:ANd9GcTOXFmiGHKjr-iCE1qmgt5eE3JxClVFK56f7m2q7a-hfxYTAIsfqeiOLSqK_A
Pasupu / Turmeric Powder,1 kg,200,155,1,5,1,https://encrypted-tbn3.gstatic.com/images?q=tbn:ANd9GcTOXFmiGHKjr-iCE1qmgt5eE3JxClVFK56f7m2q7a-hfxYTAIsfqeiOLSqK_A
Sabjithulu / Sabja Seeds,100 gm,50,30,1,5,1,https://encrypted-tbn1.gstatic.com/images?q=tbn:ANd9GcRqy1Ze3sN1xejQBjEA2anKdos6GjH8RbC9biqwgW7CoeYrBaz5Ccntu6iVIw
Chinthapandu / Imli / Tamrarind,500 gm,86,55,1,5,1,http://www.bigbasket.com/media/uploads/p/s/20000484_3-bb-royal-tamarindimli-cake.jpg
Kobera podi / Coconut Powder White,100 gm,30,15,1,5,1,http://www.bigbasket.com/media/uploads/p/s/20000423_4-bb-royal-coconut-powder-dessicated.jpg
Mirchi powder - Aashirvaad,500 gm,160,98,1,5,1,http://www.bigbasket.com/media/uploads/p/s/267168_1-aashirvaad-powder-chilli.jpg
Dalchini,50 gm,30,25,1,5,1,http://www.bigbasket.com/media/uploads/p/s/20000459_2-bb-royal-dalchini.jpg
Kobbera Kalapet / Dry Copra,250 gm,70,40,1,5,1,https://encrypted-tbn3.gstatic.com/images?q=tbn:ANd9GcRC3_BnTJDv58uCgsiTqN8TG2lH4pLSmIkDJ3s70Zp2hI0n3sxt
Mirch Powder - Three Mango ( for 10),500 gm,200,140,1,5,1,http://www.bigbasket.com/media/uploads/p/s/259152_1-swastik-three-mango-mirch-powder-for-pickles.jpg
Gasalu / Khus Khus,50 gm,45,35,1,5,1,https://encrypted-tbn0.gstatic.com/images?q=tbn:ANd9GcQzCpOUdzawBBFUXLTlRyRoQH3eDuoz9h8nMa2hIRHQPZzqs0T9qQ
Lavang / Cloves,10 gm,25,12,1,5,1,https://encrypted-tbn3.gstatic.com/images?q=tbn:ANd9GcTKNyqMjx_DtD4eUHAS-1LlWhg43TtoOA0FHPvy3jc0rXMuFiB8ZQ
Saunf Big,100 gm,40,25,1,5,1,
Menthyalu / Methi / Fenugreek,100 gm,25,10,1,5,1,https://encrypted-tbn0.gstatic.com/images?q=tbn:ANd9GcRfMC8Wt2FefOBooR-oL6GG6CGR_y7RfWrFxqT1QCw9CZ1ToEaKTM1L2wpOYQ
Shahjeera,50 gm,75,50,1,5,1,https://encrypted-tbn2.gstatic.com/images?q=tbn:ANd9GcTF7gXcKp4iTrz-qTLO88Vu9OqvUOJZOv7GnlhCZfIqSWbCUzjD
Biryani Aku / Tej patta / Bay Leaf,50 gm,15,10,1,5,1,https://encrypted-tbn0.gstatic.com/images?q=tbn:ANd9GcQxR9__3eR1gjPT3juCXiER10EODMTCJrsywzz2yDnZNU9Xjg-VAXNT4o45ew
Sambar Powder MTR,100 gm,43,40,1,5,1,https://p1.zopnow.com/images/products/140/1322919044-Picture-500-copy.png
Vamma / Ajwain Whole,100 gm,50,30,1,5,1,https://encrypted-tbn3.gstatic.com/images?q=tbn:ANd9GcTs2aUJ7zIg14YFxeNBfiFmb318BuUmk3dyS_pnWQKgXgeydjSpgfzIJUCg
Aamchur / Dry Mango - Swastik,100 gm,60,50,1,5,1,
Cooking Soda,50 gm,7,3,1,5,1,https://encrypted-tbn2.gstatic.com/images?q=tbn:ANd9GcRdmJ_MczuYsQsQFYT9cvGldPQ1BJTm6F9ueHRnKNg-ztt_cVRSacY4pjhq
Nugullu / Till Regular,250 gm,55,30,1,5,1,https://encrypted-tbn1.gstatic.com/images?q=tbn:ANd9GcTp3V_eNThn8yYxEtINdh3MEGWnor8lvsh5N5G2-JPbgN_IHG5Yeg
Nugullu / Till Regular,500 gm,110,55,1,5,1,https://encrypted-tbn1.gstatic.com/images?q=tbn:ANd9GcTp3V_eNThn8yYxEtINdh3MEGWnor8lvsh5N5G2-JPbgN_IHG5Yeg
Chicken Masala - Baadshah,100 gm,72,68,1,5,1,http://www.bigbasket.com/media/uploads/p/s/40002679_1-badshah-masala-chicken.jpg
Nalla uppu / Kala Namak / Black salt,100 gm,15,10,1,5,1,https://encrypted-tbn0.gstatic.com/images?q=tbn:ANd9GcQGH5vresR7ec0COOzzofrrV9WNG9gsUeD4w4-G5WkOINCjE9wj
Rasam Powder MTR,100 gm,43,40,1,5,1,https://p1.zopnow.com/images/products/140/1322806938-Picture-369-copy.png
Miryala podi / Black Pepper Powder,50 gm,90,50,1,5,1,https://encrypted-tbn0.gstatic.com/images?q=tbn:ANd9GcQO62eA7YdekbmEAcE5WLyPcmmlNDLyqtMFbgI2c5m0xEOOoyNwlXn6lkFBSQ
Pav Bhaji Masala - Baadshah,100 gm,64,60,1,5,1,https://encrypted-tbn1.gstatic.com/images?q=tbn:ANd9GcRFCAazp4l1OTQBADp_qREpaa2UxuOyI-_EEcoHDoq8t9omBR_VSUS01_aQ
Rajwadi Garam Masala Powder - Badshah,100 gm,78,75,1,5,1,gstatic.com/images?q=tbn:ANd9GcTOp4Xebjsc0e3KW0umlaWZ3D6prlkLzTBxx3bxpOiB7ZTSw_2v9oM7QN9NnQ
Mutton Masala / Meat masala - Baadshah,100 gm,70,68,1,5,1,https://encrypted-tbn3.gstatic.com/images?q=tbn:ANd9GcQctVNtF11gBgrLMnK57Huyi1NN3BxbeNZ_pHTBRMqky6A2vYEqtnmqqmIk
Sonti / Dry Ginger Powder,50 gm,40,30,1,5,1,
Kasuri Methi - Baadshah,100 gm,90,85,1,5,1,http://www.bigbasket.com/media/uploads/p/s/100005336_2-badshah-kasuri-methi.jpg
Chat Masala - Baadshah,50 gm,33,32,1,5,1,http://www.bigbasket.com/media/uploads/p/s/100041723_2-badshah-masala-chat.jpg
Chat Masala - Baadshah,100 gm,57,55,1,5,1,http://www.bigbasket.com/media/uploads/p/s/100041736_2-badshah-masala-chat.jpg
Fish Masala - Baadshah,100 gm,42,40,1,5,1,http://www.bigbasket.com/media/uploads/p/s/100041725_2-badshah-masala-fish.jpg
Three Mango - Rai Powder / Ava podi,500 gm,70,50,1,5,1,https://encrypted-tbn0.gstatic.com/images?q=tbn:ANd9GcR4MveGGAhsRgVup7wzzYQfpJJkusrHqP1p7aXF557yn2ITYcjSVcDONZVu
Pani Puri Masala - Baadshah,100 gm,60,58,1,5,1,http://www.bigbasket.com/media/uploads/p/s/100041735_2-badshah-masala-pani-puri.jpg
Chhole Masala - Baadshah,100 gm,65,60,1,5,1,https://encrypted-tbn0.gstatic.com/images?q=tbn:ANd9GcRwDWpTXlBJLrAsV8PREr0ZW9POhZWzF0IfGlLzQ_sSISAFFrAqIw
Vegetable Masala - Baadshah,50 gm,27,26,1,5,1,http://www.bigbasket.com/media/uploads/p/s/100041719_2-badshah-masala-vegetable-subji.jpg
Lactogen - Follow Up Formula (Stage 2),400 gm,278,270,2,1,1,https://p1.zopnow.com/images/products/140/nestle-lactogen-2-no-v-400-g.png
Appu Sona Masoori Rice ,25 kg,1375,1100,1,6,1,https://encrypted-tbn2.gstatic.com/images?q=tbn:ANd9GcS8eRghdF__VUuRSvvMiAUw3tiq3a5FpxLTqjJQ1_V-H58DalwC
Sona Masoori New Rice ,1 kg,50,45,1,6,1,https://encrypted-tbn1.gstatic.com/images?q=tbn:ANd9GcRGbrg6X3xZdXaGyPla4oBCMLCViL7KQvyhnVFWjClTxIOk0Vl9yg
Poha / Chivda - Sachamoti,1 kg,60,55,1,6,1,https://lh3.googleusercontent.com/proxy/-2rymMdPglhYrVrJEY-35XXsiNenEVvUzfg7gu54FWq6EwlTnli9cs8dQ0V-4t_b4DY2ISmC_akFD_afJNINXVlQ5zYVt8Wj5z0bwjF917MlOuEhrRmKJAtRuFv_KDUuaf0ldLbUCweSP2mlPFuAG2r4wHsrDDCZnfjaZciO_cnIK0jkBvctNLP3-R8MJttzQXPCSXCavFpFtzafQq_tvp6MCnR7=w384-h384-nc
Sabudana - Sachamoti,500 gm,60,40,1,6,1,https://lh4.googleusercontent.com/proxy/v4o6SgUgbdMUSl_1RovqGgz7YeodqBCF4f-DvaDMb36g0N7lWlsMuKbUm2yxy9pOpXtcUTomncggvl9i1GYmuMxesgLsMOw5yp73K9vTaEmigeBHVPbmouqGKjApO4TPZ30mRPh97e6om-nhIlma4LRDiAK0_s9jgwIrwuxhKreq8aX3k7FKcQUuC8CC0A=w210-h210-nc
Basmati Rice ,1 kg,100,80,1,6,1,https://encrypted-tbn0.gstatic.com/images?q=tbn:ANd9GcQEDDoNFLTVIObTpMQXnc6018Do8YsAi_K2xfsklLEoHOuR3okV6w
Murmura Kurnool,2 kg,120,100,1,6,1,https://encrypted-tbn2.gstatic.com/images?q=tbn:ANd9GcQt6GFqqpHOakia9QT4jMiIG1Ws1MiYr1acVMlYnhKZL3k-CRw-bKoc51WW
MurMura Local,1 kg,55,45,1,6,1,https://encrypted-tbn2.gstatic.com/images?q=tbn:ANd9GcQt6GFqqpHOakia9QT4jMiIG1Ws1MiYr1acVMlYnhKZL3k-CRw-bKoc51WW
Murmura Hyd,500 gm ,40,30,1,6,1,https://encrypted-tbn2.gstatic.com/images?q=tbn:ANd9GcQt6GFqqpHOakia9QT4jMiIG1Ws1MiYr1acVMlYnhKZL3k-CRw-bKoc51WW
Popcorn Seeds,250 gm,35,25,1,6,1,https://encrypted-tbn0.gstatic.com/images?q=tbn:ANd9GcSodMg1kjAoW4aOFU5RhpnyF3wtE5m_Sk608I4eOCCceM4Nm0f8fzhkoZUZ
Godmalu / Wheat Sharbati,1 kg,45,40,1,4,1,https://encrypted-tbn2.gstatic.com/images?q=tbn:ANd9GcSzTMsbjg9N2BxD3RKN7JVPvFjWjYBjVVw2MH_hsNxxM603-yW5aAwCnmdl
Makka Poha,250 gm,30,20,1,6,1,https://encrypted-tbn2.gstatic.com/images?q=tbn:ANd9GcS2l-ki-hwR3eW_-1mVaX-THyi1LPaoSGIoS6eehDQQjCPFMtdPFfEJl6teRg
Basmati Rice Classic - India Gate,5 kg,1120,825,1,6,1,https://lh3.googleusercontent.com/proxy/KPp2V3-2dbE26dG3irN0hf30bqamc4K4M5ocjvlocHZTy20ADQ_2a_HI3NALjxf0YJ5vI4GOTGqW3oJnlKBJIZ6uStAAFLuBgYr_k6lxA4GyUpK0bjWIwNl8Rsi599vkklK2knEU_U17VKz8Ebes7xO3z_Gk=w320-h320-nc
Godma Borugulu / Wheat Puffes,250 gm,30,25,1,6,1,http://www.besser-fressen.de/WebRoot/Store12/Shops/62099748/49C5/3E00/FB36/FFB7/A5D6/C0A8/28BC/437A/bio-reis_500_gr.jpg
Basmati Rice - Brown (Quick Cooking) - Daawat,1 kg,155,100,1,6,1,https://encrypted-tbn3.gstatic.com/images?q=tbn:ANd9GcQmFnX4_fAr1EYNwQUcPKdT4nkBqQ-rJ1Nh0yTP5ZAs6M7S0KYKZ37d3Yb0UA
Sugar / Chekkara,1 kg,50,42,1,7,1,https://encrypted-tbn3.gstatic.com/images?q=tbn:ANd9GcShjT1qWr5YyDmJQX6vU0Xu66bEuLsvd8i5Y0RHwrYIVTx8aT7pCw
Sugar / Chekkara,5 kg,240,210,1,7,1,https://encrypted-tbn3.gstatic.com/images?q=tbn:ANd9GcShjT1qWr5YyDmJQX6vU0Xu66bEuLsvd8i5Y0RHwrYIVTx8aT7pCw
Salt - Iodized Tata,1 kg,18,17,1,7,1,https://p2.zopnow.com/images/products/140/tata-tata-salt-1-kg.png
Salt - Iodised Aashirvaad,1 kg,17,12,1,7,1,https://encrypted-tbn0.gstatic.com/images?q=tbn:ANd9GcR4iL1rkEp1Uvzd7_DKQ5f5c2sVwwp4mEs2matxuiSfSjrxpPwklw
Rock Salt ,1 kg,30,28,1,7,1,
Jaggery (Kholapur) / Beellam,900 gm,83,70,1,7,1,https://encrypted-tbn3.gstatic.com/images?q=tbn:ANd9GcSN4QOtknT0dWZ_uOcmOmNTltT2ZD9WzE_6EZe4n1FsIsWYi6DAZQ
Sugar free Gold - Sweetener Tablets,100 pcs - Pouch,65,60,1,7,1,https://p1.zopnow.com/images/products/140/sugar-free-sugar-free-gold-30030-pellets-1-g-x-100-sachets.png
Sugar free Gold - Sweetener Tablets,300 pcs - Pouch,175,165,1,7,1,https://p1.zopnow.com/images/products/140/sugar-free-sugar-free-gold-30030-pellets-300-pellets.png
Lactogen - Infant Formula (Stage 1),400 gm,285,280,2,1,1,https://p2.zopnow.com/images/products/140/nestle-lactogen-1-no-v-400-g.png
Cerelac - Multi Grain Dal Veg (Stage 4),300 gm,209,200,2,1,1,https://p2.zopnow.com/images/products/140/nestle-cerelac-multi-grain-dal-veg-4-stage-infant-ce-v-300-g.png
Cerelac - Wheat Apple (Stage 1),300 gm,168,160,2,1,1,https://p1.zopnow.com/images/products/140/nestle-cerelac-wheat-apple-1-stage-infant-cereal-v-300-g.png
Cerelac - Rice (Stage 1),300 gm,160,155,2,1,1,https://p2.zopnow.com/images/products/140/nestle-nestle-cerelac-rice-1-stage-infant-cereal-350-g-1.png
Cerelac - Wheat Mixed Fruit (Stage 3),300 gm,202,198,2,1,1,https://p2.zopnow.com/images/products/140/nestle-cerelac-wheat-mixed-fruit-3-stage-infant-cere-v-350-g.png
Cerelac - Wheat Apple Cherry (Stage 2),300 gm,187,180,2,1,1,https://p2.zopnow.com/images/products/140/wheat-apple-cherry-stage-2-v-300-g.png
Cerelac - Wheat Apple Cherry (Stage 2),300 gm,187,180,2,1,1,https://p2.zopnow.com/images/products/140/wheat-apple-cherry-stage-2-v-300-g.png
Cerelac - Wheat Mixed Vegetable (Stage 3),300 gm,202,198,2,1,1,https://p1.zopnow.com/images/products/140/nestle-nestle-cerelac-wheat-mixed-vegetable-3-stage-infant-350-g-1.png
Cerelac - Rice Vegetables (Stage 2),300 gm,194,190,2,1,1,http://www.bigbasket.com/media/uploads/p/s/100253233_2-nestle-cerelac-rice-vegetables-stage-2.jpg
Amulspray - Infant Milk Food ,1 kg Pouch,340,330,2,2,1,https://p2.zopnow.com/images/products/140/amulspray-infant-milk-food-pouch-v-1-kg-1.png
Cerelac - Wheat Honey (Stage 2),300 gm,194,190,2,1,1,http://www.bigbasket.com/media/uploads/p/s/240152_2-nestle-cerelac-wheat-honey-stage-2.jpg
Cerelac - Wheat (Stage 1),300 gm,157,150,2,1,1,https://p2.zopnow.com/images/products/140/nestle-cerelac-wheat-1-stage-infant-cereal-v-300-g.png
Cerelac - Wheat Orange (Stage 2),300 gm,194,190,2,1,1,https://p1.zopnow.com/images/products/140/nestle-nestle-cerelac-wheat-orange-2-stage-infant-cereal-300-g-2.png
Milkmade - Nestle,400 gm,110,105,2,2,1,https://p1.zopnow.com/images/products/140/nestle-milk-maid-v-400-g.png
Custard Powder - Vanilla Flavour - Weikfield,125 gm,35,34,2,2,1,https://p1.zopnow.com/images/products/140/vanilla-flavour-custard-powder-v-100-g-2.png
Essences - Vanilla,20 ml,26,20,2,2,1,http://www.bigbasket.com/media/uploads/p/s/20002725_1-flying-bird-essences-vanilla.jpg
Gulab Jamun Mix - MTR,200 gm,85,80,2,2,1,https://p1.zopnow.com/images/products/140/1322729397-Picture-337-copy.png
Baking Powder - Weikfield,100 gm - Box,32,31,2,2,1,https://p1.zopnow.com/images/products/140/weikfield-baking-powder2-100-g.png
Custard Powder - Vanilla Flavor - Weikfield,200 gm,60,58,2,2,1,http://www.bigbasket.com/media/uploads/p/s/40008363_1-weikfield-custard-powder-vanilla-flavor.jpg
Essences - Pineapple,20 ml,26,20,2,2,1,http://www.bigbasket.com/media/uploads/p/s/20002726_1-flying-bird-essences-pineapple.jpg
Maggi Noodles - Masala ,35 gm,5,5,2,3,1,http://www.bigbasket.com/media/uploads/p/s/266160_7-maggi-noodles-masala.jpg
Yippee Noodles - Magic Masala / Sunfeast,70 gm,12,12,2,3,1,http://www.bigbasket.com/media/uploads/p/s/287005_5-sunfeast-yippee-noodles-magic-masala.jpg
Yippee Noodles - Magic Masala / Sunfeast,280 gm,45,44,2,3,1,http://www.bigbasket.com/media/uploads/p/s/287006_4-sunfeast-yippee-noodles-magic-masala.jpg
Maggi Noodles - Masala ,70 gm,12,12,2,3,1,http://www.bigbasket.com/media/uploads/p/s/266160_7-maggi-noodles-masala.jpg
Maggi Noodles - Masala ,140 gm,23,23,2,3,1,https://p2.zopnow.com/images/products/140/1336465302-Z-29-copy.png
Maggi Noodles - Masala ,280 gm,45,44,2,3,1,https://p2.zopnow.com/images/products/140/maggi-masala-noodles-v-280-g-1.png
Maggi Noodles - Masala ,420 gm,67,65,2,3,1,http://www.bigbasket.com/media/uploads/p/s/266112_4-maggi-noodles-masala.jpg
Yippee Noodles - Magic Masala / Sunfeast,35 gm,5,5,2,3,1,http://www.bigbasket.com/media/uploads/p/s/287005_5-sunfeast-yippee-noodles-magic-masala.jpg
50 50 Maska Chaska Biscuits - Britannia,50 gm,10,10,2,4,1,http://www.bigbasket.com/media/uploads/p/s/40001600_3-britannia-50-50-maska-chaska-biscuits.jpg
Good Day Cookies - Rich Cashew - Britannia,120 gm,20,20,2,4,1,http://www.bigbasket.com/media/uploads/p/s/100012342_2-britannia-good-day-cookies-rich-cashew.jpg
Bourbon Cream Biscuit - Chocolate Flavour - Britannia,60 gm,10,10,2,4,1,http://www.bigbasket.com/media/uploads/p/s/100012354_3-britannia-bourbon-cream-biscuit-chocolate-flavor.jpg
Toast - Bake Suji - Britannia,150 gm,27,27,2,4,1,http://www.bigbasket.com/media/uploads/p/s/312169_5-britannia-bake-rusk-toast.jpg
Dark Fantasy - Choco Fills - Sunfeast,75 gm,30,30,2,4,1,http://www.bigbasket.com/media/uploads/p/s/286082_6-sunfeast-dark-fantasy-choco-fills.jpg
Marie Gold - Britannia,250 gm,27,26,2,4,1,http://www.bigbasket.com/media/uploads/p/s/264597_2-britannia-biscuits-marie-gold.jpg
Marie Gold - Britannia,89 gm,10,10,2,4,1,http://www.bigbasket.com/media/uploads/p/s/100012370_2-britannia-biscuits-marie-gold.jpg
Monaco Salted Snack - Parle,75 gm,10,10,2,4,1,http://www.bigbasket.com/media/uploads/p/s/302119_2-parle-biscuits-monaco-salted-snack.jpg
Moms Magic - Cashew &amp; Almond - Sunfeast,66 gm,10,10,2,4,1,http://www.bigbasket.com/media/uploads/p/s/30008742_4-sunfeast-moms-magic-cashew-almond.jpg
Parle-G - Gluco Biscuits,140 gm,10,10,2,4,1,http://www.bigbasket.com/media/uploads/p/s/302110_3-parle-gluco-biscuits-parle-g.jpg
Parle-G - Gluco Biscuits,800 gm,55,53,2,4,1,http://www.bigbasket.com/media/uploads/p/s/102102_4-parle-gluco-biscuits-parle-g.jpg
Milk Bikis - Britannia,100 gm,20,20,2,4,1,http://www.bigbasket.com/media/uploads/p/s/100012364_2-britannia-biscuits-milk-bikis-milk-sandwich.jpg
Marie Gold - Britannia,50 gm,5,5,2,4,1,http://www.bigbasket.com/media/uploads/p/s/40001672_2-britannia-biscuits-marie-gold.jpg
Nutri Choice - Hi Fibre Digestive 4 - Britannia,250 gm,50,48,2,4,1,http://www.bigbasket.com/media/uploads/p/s/263597_3-britannia-nutri-choice-hi-fibre-digestive-biscuits.jpg
Krackjack - Sweet &amp; Salty Crackers - Parle,200 gm,25,24,2,4,1,http://www.bigbasket.com/media/uploads/p/s/102569_1-parle-krackjack-the-original-sweet-and-salty-crackers.jpg
Monaco Salted Snack - Parle,150 gm,20,19,2,4,1,http://www.bigbasket.com/media/uploads/p/s/216877_2-parle-biscuits-monaco-salted-snack.jpg
Milk Bikis - Britannia,85 gm,10,10,2,4,1,http://www.bigbasket.com/media/uploads/p/s/40025066_1-britannia-biscuits-milk-bikis.jpg
20 20 Cookies Cashew - Parle,45 gm,5,5,2,4,1,http://www.bigbasket.com/media/uploads/p/s/230634_6-parle-20-20-cookies-cashew.jpg
Good Day Cookies - Rich Cashew - Britannia,200 gm,35,34,2,4,1,http://www.bigbasket.com/media/uploads/p/s/263526_8-britannia-good-day-cookies-rich-cashew.jpg
Good Day Cookies - Rich Butter - Britannia,75 gm,10,10,2,4,1,http://www.bigbasket.com/media/uploads/p/s/100012341_4-britannia-good-day-cookies-rich-butter.jpg
Nutri Choice - Hi Fibre Digestive 4 - Britannia,100 gm,20,19,2,4,1,http://www.bigbasket.com/media/uploads/p/s/100012345_5-britannia-nutri-choice-hi-fibre-digestive-biscuits.jpg
Good Day Cookies - Rich Pista Badam - Britannia,100 gm,20,19,2,4,1,http://www.bigbasket.com/media/uploads/p/s/100012343_5-britannia-good-day-cookies-rich-pista-badam.jpg
Parle-G - Gluco Biscuits,250 gm,20,19,2,4,1,http://www.bigbasket.com/media/uploads/p/s/20004286_1-parle-glucos-biscuits-parle-g.jpg
Happy Happy Choco Chip Cookies - Parle,40 gm,5,5,2,4,1,http://www.bigbasket.com/media/uploads/p/s/20005925_1-parle-cookies-happy-happy-choco-chip.jpg
Good Day Cookies - Choco Chip - Britannia,75 gm,20,19,2,4,1,http://www.bigbasket.com/media/uploads/p/s/293630_4-britannia-good-day-cookies-choco-chip.jpg
Good Day Cookies - Choco Chip - Britannia,150 gm,35,34,2,4,1,http://www.bigbasket.com/media/uploads/p/s/293632_9-britannia-good-day-cookeis-choco-chip.jpg
Hide &amp; Seek Fab ( Chocolate Flavour) - Parle,100 gm,20,19,2,4,1,http://www.bigbasket.com/media/uploads/p/s/100566752_1-parle-choco-chip-cookies-hide-seek-fab-chocolate-flavour.jpg
Treat - Pineapple Biscuits - Britannia,64 gm,10,10,2,4,1,http://www.bigbasket.com/media/uploads/p/s/100537333_4-britannia-treat-pineapple-biscuits.jpg
50 50 Time Pass - Classic Salted - Britannia,40 gm,5,5,2,4,1,http://www.bigbasket.com/media/uploads/p/s/40023494_2-britannia-50-50-time-pass-classic-salted-biscuits.jpg
Good Day Cookies - Rich Butter - Britannia,150 gm,20,19,2,4,1,http://www.bigbasket.com/media/uploads/p/s/263586_3-britannia-good-day-cookies-rich-butter.jpg
Monaco Crispy Light Salted - Snack Classic Regular - Parle,37 gm,5,5,2,4,1,http://www.bigbasket.com/media/uploads/p/s/20005922_1-parle-monaco-crispy-light-salted-snack-classic-regular.jpg
Corn Flakes - Kelloggs,875 gm,285,270,2,5,1,http://www.bigbasket.com/media/uploads/p/s/40015688_1-kelloggs-corn-flakes.jpg
Corn Flakes - Real Almond and Honey - Kelloggs,300 gm,160,155,2,5,1,http://www.bigbasket.com/media/uploads/p/s/192941_2-kelloggs-corn-flakes-real-almond-and-honey.jpg
Chocos - Kelloggs,1.2 kg,430,415,2,5,1,http://www.bigbasket.com/media/uploads/p/s/30008601_7-kelloggs-chocos.jpg
Oats - Masala &amp; Coriander - Saffola,40 gm,15,14,2,5,1,http://www.bigbasket.com/media/uploads/p/s/293717_2-saffola-oats-masala-coriander.jpg
Oats - Masala &amp; Coriander - Saffola,500 gm,140,135,2,5,1,http://www.bigbasket.com/media/uploads/p/s/315516_3-saffola-oats-masala-coriander.jpg
Masala Oats - Veggie Twist - Saffola,40 gm,15,14,2,5,1,http://www.bigbasket.com/media/uploads/p/s/314517_2-saffola-masala-oats-veggie-twist.jpg
Chocos - Chocolaty - Kelloggs,250 gm,109,105,2,5,1,http://www.bigbasket.com/media/uploads/p/s/251021_1-kelloggs-chocos-chocolaty-breakfast.jpg
Special K - Kelloggs,140 gm,62,60,2,5,1,http://www.bigbasket.com/media/uploads/p/s/251031_4-kelloggs-special-k.jpg
Masala Oats - Veggie Twist - Saffola,400 gm,140,135,2,5,1,http://www.bigbasket.com/media/uploads/p/s/40010016_3-saffola-masala-oats-veggie-twist.jpg
Oats - Pepper &amp; Spice - Saffola,42 gm,15,14,2,5,1,http://www.bigbasket.com/media/uploads/p/s/301710_4-saffola-oats-pepper-spice.jpg
Oats - Saffola,200 gm,43,41,2,5,1,http://www.bigbasket.com/media/uploads/p/s/40006937_4-saffola-oats.jpg
Chocos - Patanjali,125 gm,55,53,2,5,1,http://www.bigbasket.com/media/uploads/p/s/40075285_1-patanjali-chocos.jpg
Gems - Sugar Coated Chocolate - Cadbury,8 gm,5,5,2,6,0,
Boondi Kara,1 kg,150,120,2,7,1,https://encrypted-tbn1.gstatic.com/images?q=tbn:ANd9GcRW0T4dk1udIqzn10MeXRZO-iuQfDkBivxDjkKCDX3MM_k8T4eRa7c71iGuVQ
Laddu Motichoor,1 kg,250,200,2,7,1,https://encrypted-tbn3.gstatic.com/images?q=tbn:ANd9GcSLryaBx-rHK49F6t4Pk7tz9KFf1hgwa7bzW63glH6IFGER1U_ponfORhFKBQ
Soan Papidi - Haldigrams,250 gm,60,58,2,7,1,https://encrypted-tbn1.gstatic.com/images?q=tbn:ANd9GcQIZH9C-3qnhPL6H52Ju83rsUKsLF0dV2X9QvAKIEYJN2E5Snb9yZ0D-EFuhA
Badam Halwa - Haldigrams,200 gm,45,43,2,7,1,
Ariselu,1 kg,240,180,2,7,1,https://encrypted-tbn0.gstatic.com/images?q=tbn:ANd9GcSM-Aaw4wmXkwO_3fluPTW0_8GEByCy1GQ0evU1TebbKV1Chr3T59ea7Y0E
Chekodi,1 kg,100,80,2,7,1,https://encrypted-tbn1.gstatic.com/images?q=tbn:ANd9GcQ-xiGU2n2YhAO5cY5qvsELxEr8sKWh8TQZsf1r1OyCJwbmj8FBy_nHkjxd
Chikki Palli,100 gm,35,25,2,7,1,https://encrypted-tbn0.gstatic.com/images?q=tbn:ANd9GcQcb7ojDb6U8kD-WnyJPm4SOWPkUOPyOsSX8o-L34d7eN9TpY4DYISAQrLV
Chikki Nugulu,100 gm,35,30,2,7,1,https://encrypted-tbn3.gstatic.com/images?q=tbn:ANd9GcTDoQGBe-d1SC22oxWjvgSWiCuSa3dD7W4yOxU4a8g1lQY5IjqF4TR7VKTAxg
Murukulu sana,1 kg,200,180,2,7,1,https://encrypted-tbn0.gstatic.com/images?q=tbn:ANd9GcR78pdTfi_49PqElG_NshCGjdJBsLlZV94_T7-PmXK4xqL1Y3AAI7HVF3UK4w
Dalmot,250 gm,35,30,2,7,1,https://encrypted-tbn0.gstatic.com/images?q=tbn:ANd9GcQonu50JSCnBnXHBwSbca6Fwb4Gs2k8hxxUaB63ZujMAXUcijaWmWAT5WK5
Chuduva Atukulu,250 gm,40,30,2,7,1,https://encrypted-tbn0.gstatic.com/images?q=tbn:ANd9GcQM_uVS-B7qnecG3OB-8h_uHHzh7Gz8__9zHiJP_1hd0jxexpNFbJrp3fteHA
Chuduva Makka,250 gm,30,25,2,7,1,http://shopandshow.com/images/savories/mixture/delhichudva.jpg
Sweet Boondi,250 gm,30,25,2,7,1,https://encrypted-tbn3.gstatic.com/images?q=tbn:ANd9GcSYfoM6U32AUWm2tpiVzgmBRzC6No9t98WYSozzMQHKHFZBZhFx_2vATOu2
Bakshalu - Sugar,1 pc,20,15,2,7,1,https://encrypted-tbn0.gstatic.com/images?q=tbn:ANd9GcSQ1TCH2tWFI_d3pOCFpY4qJeHjSg9vNFilIoGiMQZ-9Ct60jyj6tbCMbts
Bakshalu - Bellam,1 pc,23,20,2,7,1,https://encrypted-tbn0.gstatic.com/images?q=tbn:ANd9GcSQ1TCH2tWFI_d3pOCFpY4qJeHjSg9vNFilIoGiMQZ-9Ct60jyj6tbCMbts
Honey Dabar,50 gm,37,36,2,8,1,http://www.bigbasket.com/media/uploads/p/s/100016187_1-dabur-honey.jpg
Honey Dabur,100 gm,59,58,2,8,1,http://www.bigbasket.com/media/uploads/p/s/239524_1-dabur-honey.jpg
Honey Dabur,250 gm,122,120,2,8,1,http://www.bigbasket.com/media/uploads/p/s/240124_1-dabur-honey.jpg
Mixed Fruit Jam - Kissan,500 gm,125,120,2,8,1,http://www.bigbasket.com/media/uploads/p/s/266577_3-kissan-mixed-fruit-jam.jpg
Mixed Fruit Jam - Kissan,100 gm,20,20,2,8,1,http://www.bigbasket.com/media/uploads/p/s/266547_4-kissan-mixed-fruit-jam.jpg
Mixed Fruit Jam - Kissan,200 gm,55,53,2,8,1,http://www.bigbasket.com/media/uploads/p/s/266543_3-kissan-mixed-fruit-jam.jpg
Honey - Kashmir - Lion,250 gm - Jar,152,148,2,8,1,http://www.bigbasket.com/media/uploads/p/s/275210_1-lion-honey-kashmir.jpg
Honey - Kashmir - Lion,1 kg,480,460,2,8,1,http://www.bigbasket.com/media/uploads/p/s/275208_1-lion-honey-kashmir.jpg
Jam - Mixed Fruit - Lion,500 gm,138,130,2,8,1,https://encrypted-tbn3.gstatic.com/images?q=tbn:ANd9GcTlL4o60ugOwOZPpmwnA4PslovGsxlG0Jt-AaP4tsHwxn8FInsGC_5tmywWYw
Vermicelli - Roasted - Bambino,900 gm ,85,80,2,9,1,http://www.bigbasket.com/media/uploads/p/s/100015894_1-bambino-vermicelli-roasted.jpg
Vermicelli - Bambino,900 gm,60,50,2,9,1,http://www.bigbasket.com/media/uploads/p/s/266474_1-bambino-vermicelli.jpg
Vermicelli - Bambino,400 gm,35,30,2,9,1,http://www.bigbasket.com/media/uploads/p/s/266429_1-bambino-vermicelli.jpg
Macaroni - Elbows - Bambino,430 gm,40,39,2,9,1,http://www.bigbasket.com/media/uploads/p/s/266428_1-bambino-macaroni-elbows.jpg
Pickle - Cut Mango (With Garlic) - Priya,300 gm,65,63,2,10,1,http://www.bigbasket.com/media/uploads/p/s/260427_2-priya-pickle-cut-mango-with-garlic.jpg
Pickle - Tomato (With Garlic) - Priya,300 gm,65,63,2,10,1,http://www.bigbasket.com/media/uploads/p/s/260430_2-priya-pickle-tomato-without-garlic.jpg
Pickle - Mango Avkaya (With Garlic) - Priya,300 gm,65,63,2,10,1,http://www.bigbasket.com/media/uploads/p/s/20005145_1-priya-pickle-mango-avakaya-with-garlic.jpg
Pickle - Mixed Vegetable (With Garlic) - Priya,300 gm,68,63,2,10,1,http://www.bigbasket.com/media/uploads/p/s/20005148_1-priya-pickle-mixed-vegetable-with-garlic.jpg
Pickle - Lime (With Garlic) - Priya,300 gm,65,63,2,10,1,http://www.bigbasket.com/media/uploads/p/s/260429_3-priya-pickle-lime-without-garlic.jpg
Pickle - Ginger (With Garlic) - Priya,300 gm,65,63,2,10,1,http://www.bigbasket.com/media/uploads/p/s/260433_2-priya-pickle-ginger.jpg
Pickle - Red Chillies (With Garlic) - Priya,300 gm,65,63,2,10,1,http://www.bigbasket.com/media/uploads/p/s/20005127_2-priya-pickle-red-chillies-with-garlic.jpg
Pickle - Gongura (With Garlic) - Priya,300 gm,65,63,2,10,1,http://www.bigbasket.com/media/uploads/p/s/20005158_1-priya-pickle-gongura-with-garlic.jpg
Pickle - Amla (With Garlic) - Priya,300 gm,65,63,2,10,1,http://www.bigbasket.com/media/uploads/p/s/100021365_2-priya-pickle-amla-without-garlic.jpg
Pickle - Mango - Swastiks,500 gm,65,60,2,10,1,http://www.bigbasket.com/media/uploads/p/s/40069259_1-swastiks-pickle-mango.jpg
Pickle - Lime - Swastiks,500 gm,65,60,2,10,1,http://www.bigbasket.com/media/uploads/p/s/40069258_1-swastiks-pickle-lime.jpg
Masala -A- Magic Maggi,6 gm,4,4,2,11,1,https://encrypted-tbn2.gstatic.com/images?q=tbn:ANd9GcQ3-zqMSJ2o7gfbkNvRpOMhd6ab4AjOaHd4E0Js4a9xDtQpD-oad5rjvw-f
Papad Lijjat Plain,200 gm,67,66,2,11,1,https://encrypted-tbn2.gstatic.com/images?q=tbn:ANd9GcQmbN9GER2c2rPL540L6DX7rP6qa6kJtiJtwNXzQIUP72J71ir1AiaJlbrBtA
Papad Lijjat Masala,200 gm,67,66,2,11,1,https://encrypted-tbn2.gstatic.com/images?q=tbn:ANd9GcQtMmFIXeTKZLBbygKu3BnerhrWVikTRtgCDf267VbsyFaGyXie3s0O5tpT
Soup Powder - Tomato - Bambino,75 gm,49,48,2,11,1,https://lh3.googleusercontent.com/proxy/ujiWUXTpp2VauFPZk5mwNxmCFVJFfmI6beD9tmg8KBmP_ZSC3ZWr34Sg5Hj2WwDJYIubscTjKa0FhpPsXJJ5uvcKuVONvE7tGoyREWjMMpt1_agKU2GAEnLMlH5jQ_V2fg=w270-h203-nc
Soup Powder - Sweet Corn Vegetable - Bambino,50 gm,50,48,2,11,1,http://csdindia.gov.in/writereaddata/product/241014393285355.jpg
Sauce - Hot &amp; Sweet (Tomato Chilli) - Maggi,500 gm,98,96,2,12,1,http://www.bigbasket.com/media/uploads/p/s/266103_3-maggi-sauce-hot-sweet-tomato-chilli.jpg
Sauce - Hot &amp; Sweet (Tomato Chilli) - Maggi,200 gm,54,53,2,12,1,http://www.bigbasket.com/media/uploads/p/s/266058_3-maggi-sauce-hot-sweet-tomato-chilli.jpg
Ketchup - Tomato - Maggi,500 gm,94,92,2,12,1,http://www.bigbasket.com/media/uploads/p/s/266101_3-maggi-ketchup-tomato.jpg
Ketchup - Tomato - Maggi,200 gm,51,50,2,12,1,http://www.bigbasket.com/media/uploads/p/s/266056_7-maggi-ketchup-rich-tomato.jpg
MAMY POKO Pant Style Diapers - Large (9-14kg),48 pc,699,650,3,1,1,http://www.bigbasket.com/media/uploads/p/s/100497544_14-mamy-poko-pant-style-diapers-large-9-14-kg.jpg
MAMY POKO Pant Style Diapers - XXL (15-25kg),24 pc,499,470,3,1,1,http://www.bigbasket.com/media/uploads/p/s/273219_2-mamy-poko-pant-style-diapers-xxl-15-25-kg.jpg
HIMALAYA Shampoo - Gentle Baby,100 ml,85,83,3,1,1,http://www.bigbasket.com/media/uploads/p/s/20002823_3-himalaya-shampoo-gentle-baby.jpg
HIMALAYA Baby Soap - Extra Moisturizing,75 gm,35,34,3,1,1,http://www.bigbasket.com/media/uploads/p/s/20002837_3-himalaya-baby-soap-extra-moisturizing.jpg
HIMALAYA Baby Powder,100 gm,60,58,3,1,1,http://www.bigbasket.com/media/uploads/p/s/100014839_2-himalaya-baby-powder.jpg
HIMALAYA Baby Massage Oil,100 ml,90,87,3,1,1,http://www.bigbasket.com/media/uploads/p/s/100014842_2-himalaya-baby-massage-oil.jpg
HIMALAYA Baby Lotion,100 ml,85,82,3,1,1,http://www.bigbasket.com/media/uploads/p/s/20002820_3-himalaya-baby-lotion.jpg
HIMALAYA Baby Cream,50 ml,65,63,3,1,0,
HIMALAYA Baby Cream,50 ml,65,63,3,1,0,
VEET Hair Removal Cream - Silk and Fresh, Dry Skin,25 gm,59,57,3,2,1,http://www.bigbasket.com/media/uploads/p/s/263686_2-veet-hair-removal-cream-silk-and-fresh-dry-skin.jpg
HIMALAYA Protein Shampoo Dryness Defence,200 ml,130,125,3,3,1,http://www.bigbasket.com/media/uploads/p/s/30003870_3-himalaya-protein-shampoo-dryness-defense.jpg
PARACHUTE Coconut Oil,100 ml,30,29,3,3,1,http://www.bigbasket.com/media/uploads/p/s/20004217_3-parachute-coconut-oil-100-pure.jpg
CLINIC PLUS Shampoo - Strong &amp; Long,24 pc,12,10,3,3,1,http://www.bigbasket.com/media/uploads/p/s/40019088_1-clinic-plus-shampoo-strong-long.jpg
SUNSILK Shampoo - Jasmine Black,20 pc,20,18,3,3,1,http://www.bigbasket.com/media/uploads/p/s/20006255_1-sunsilk-shampoo-jasmine-black.jpg
MEERA Shampoo - Strong &amp; Healthy,20 pc,40,38,3,3,1,http://www.bigbasket.com/media/uploads/p/s/20005928_1-meera-shampoo-strong-healthy.jpg
HEAD &amp; SHOULDERS Anti Dandruff Shampoo - Strong Black,16 pc,24,22,3,3,1,http://www.bigbasket.com/media/uploads/p/s/20005417_1-head-shoulders-anti-dandruff-shampoo-strong-black.jpg
HEAD &amp; SHOULDERS Anti Dandruff Shampoo - Cool Menthol,16 pc,48,44,3,3,1,http://www.bigbasket.com/media/uploads/p/s/20005412_1-head-shoulders-anti-dandruff-shampoo-cool-menthol.jpg
PARACHUTE Coconut Oil,175 ml,50,48,3,3,1,http://www.bigbasket.com/media/uploads/p/s/278992_2-parachute-coconut-oil.jpg
PARACHUTE Coconut Oil,500 ml,140,135,3,3,1,http://www.bigbasket.com/media/uploads/p/s/267337_2-parachute-coconut-oil.jpg
HEAD &amp; SHOULDERS Anti Dandruff Shampoo - Basic Clean,16 pc,24,22,3,3,1,http://www.bigbasket.com/media/uploads/p/s/20005416_1-head-shoulders-anti-dandruff-shampoo-basic-clean.jpg
PANTENE Pro V Shampoo - Hair Fall Control,16 pc,48,44,3,3,1,http://www.bigbasket.com/media/uploads/p/s/20005408_2-pantene-pro-v-shampoo-hair-fall-control.jpg
TRESEMME Hair Fall Defence Shampoo,200 ml,123,117,3,3,1,http://www.bigbasket.com/media/uploads/p/s/100586904_3-tresemme-hair-fall-defence-conditioner.jpg
SUNSILK Co-Creation - Thick &amp; Long,20 pc,20,18,3,3,1,http://www.bigbasket.com/media/uploads/p/s/40019093_1-sunsilk-co-creation-thick-long.jpg
MEERA Shampoo - Hair Fall Care,180 ml,110,105,3,3,1,http://www.bigbasket.com/media/uploads/p/s/40008462_1-meera-shampoo-hair-fall-care.jpg
GARNIER Color Naturals - Natural Black (No - 1),110 ml,175,170,3,3,1,http://www.bigbasket.com/media/uploads/p/s/189103_1-garnier-color-naturals-natural-black-no-1.jpg
PARACHUTE Coconut Oil,100 ml,21,20,3,3,0,
SUNSILK Stunning Black Shine Shampoo,180 ml,105,100,3,3,1,http://www.bigbasket.com/media/uploads/p/s/266830_7-sunsilk-stunning-black-shine-shampoo.jpg
SUNSILK Stunning Black Shine Shampoo,340 ml,190,182,3,3,1,http://www.bigbasket.com/media/uploads/p/s/266830_7-sunsilk-stunning-black-shine-shampoo.jpg
HIMALAYA Protein Shampoo Gentle Daily Care,200 ml,130,125,3,3,1,http://www.bigbasket.com/media/uploads/p/s/100014720_4-himalaya-protein-shampoo-gentle-daily-care.jpg
TRESEMME Smooth and Shine Shampoo,200 ml,123,117,3,3,1,http://www.bigbasket.com/media/uploads/p/s/100586900_3-tresemme-smooth-and-shine-shampoo.jpg
HEAD &amp; SHOULDERS Anti Dandruff Shampoo - Smooth &amp; Silky,16 pc,48,44,3,3,1,http://www.bigbasket.com/media/uploads/p/s/20005411_1-head-shoulders-anti-dandruff-shampoo-smooth-silky.jpg
TRESEMME Shampoo - Smooth &amp; Shine,16 pc,48,44,3,3,1,http://www.bigbasket.com/media/uploads/p/s/40019092_1-tresemme-shampoo-smooth-shine.jpg
DOVE Shampoo - Hair Therapy Daily Shine,80 ml,56,54,3,3,1,http://www.bigbasket.com/media/uploads/p/s/266693_5-dove-shampoo-hair-therapy-daily-shine.jpg
DOVE Shampoo - Hair Therapy Daily Shine,180 ml,124,119,3,3,1,http://www.bigbasket.com/media/uploads/p/s/266692_5-dove-daily-shine-shampoo.jpg
SUNSILK Nourishing Soft &amp; Smooth Shampoo,180 ml,105,100,3,3,1,http://www.bigbasket.com/media/uploads/p/s/266876_4-sunsilk-nourishing-soft-smooth-shampoo.jpg
SUNSILK Nourishing Soft &amp; Smooth Shampoo,340 ml,190,182,3,3,1,http://www.bigbasket.com/media/uploads/p/s/189329_4-sunsilk-nourishing-soft-smooth-shampoo.jpg
PEPSODENT 2 in 1 Toothpaste,150 gm,90,88,3,4,1,http://www.bigbasket.com/media/uploads/p/s/266810_5-pepsodent-2-in-1-toothpaste.jpg
PEPSODENT 2 in 1 Toothpaste,80 gm,47,45,3,4,1,http://www.bigbasket.com/media/uploads/p/s/40002036_4-pepsodent-2-in-1-toothpaste.jpg
COLGATE Toothpaste - Strong Teeth, Dental Cream,100 gm,46,44,3,4,1,https://encrypted-tbn3.gstatic.com/images?q=tbn:ANd9GcSceBCHX5MzrrjiX6QVooLyqgv-qvNT73yQtyb7BfZlSvRHB0gOg_m9xZlwlw
COLGATE Toothpaste - Strong Teeth, Dental Cream,200 gm,84,80,3,4,1,http://www.bigbasket.com/media/uploads/p/s/263921_3-colgate-toothpaste-strong-teeth-dental-cream-anti-cavity.jpg
COLGATE Toothpaste - Maxfresh Blue Peppermint Ice ,150 gm,90,85,3,4,1,http://www.bigbasket.com/media/uploads/p/s/265771_2-colgate-toothpaste-maxfresh-blue-peppermint-ice-gel.jpg
COLGATE Toothpaste - Maxfresh Blue Peppermint Ice,80 gm,49,46,3,4,1,http://www.bigbasket.com/media/uploads/p/s/20005544_1-colgate-toothpaste-maxfresh-blue-peppermint-ice-gel.jpg
COLGATE Toothpaste - Maxfresh Spicy Red, Gel,150 gm,90,85,3,4,1,http://www.bigbasket.com/media/uploads/p/s/263936_7-colgate-toothpaste-maxfresh-spicy-red-gel.jpg
COLGATE Toothpaste - Maxfresh Spicy Red, Gel,80 gm,49,47,3,4,1,http://www.bigbasket.com/media/uploads/p/s/100006148_2-colgate-toothpaste-maxfresh-spicy-red-gel.jpg
COLGATE Toothpaste - Maxfresh Spicy Red, Gel,28 gm,10,10,3,4,1,http://www.bigbasket.com/media/uploads/p/s/20005542_1-colgate-toothpaste-maxfresh-spicy-red-gel.jpg
COLGATE Toothpaste - Strong Teeth, Dental Cream,300gm,130,124,3,4,1,http://www.bigbasket.com/media/uploads/p/s/263925_2-colgate-toothpaste-strong-teeth-dental-cream-anti-cavity.jpg
COLGATE Toothpaste - Active Salt, Salt &amp; Minerals,200 gm,91,86,3,4,1,http://www.bigbasket.com/media/uploads/p/s/263920_5-colgate-toothpaste-active-salt-salt-minerals.jpg
COLGATE Toothpaste - Active Salt, Salt &amp; minerals,100 gm,50,48,3,4,1,http://www.bigbasket.com/media/uploads/p/s/40000334_8-colgate-toothpaste-active-salt-salt-minerals.jpg
COLGATE Toothpaste - Active Salt, Salt &amp; minerals,50 gm,20,19,3,4,1,http://www.bigbasket.com/media/uploads/p/s/40000334_8-colgate-toothpaste-active-salt-salt-minerals.jpg
COLGATE Toothpaste - Herbal, Natural,100 gm,50,48,3,4,1,http://www.bigbasket.com/media/uploads/p/s/100006186_3-colgate-toothpaste-herbal-natural.jpg
COLGATE Toothpaste - Herbal, Natural,200 gm,89,85,3,4,1,http://www.bigbasket.com/media/uploads/p/s/100006185_7-colgate-toothpaste-herbal-natural.jpg
COLGATE Toothpaste - Total Charcoal, Deep Clean,140 gm,112,107,3,4,1,http://www.bigbasket.com/media/uploads/p/s/40029303_2-colgate-toothpaste-total-charcoal.jpg
COLGATE Toothpaste - Cibaca, Anticavity,175 gm,45,43,3,4,1,http://www.bigbasket.com/media/uploads/p/s/263954_2-colgate-toothpaste-cibaca-anticavity.jpg
COLGATE Toothpaste - Active Salt Healthy White,200 gm,92,89,3,4,1,http://www.bigbasket.com/media/uploads/p/s/40006890_4-colgate-toothpaste-active-salt-healthy-white-salt-lemon.jpg
COLGATE Toothpaste - Active Salt Healthy White,100 gm,54,50,3,4,1,http://www.bigbasket.com/media/uploads/p/s/40006889_5-colgate-toothpaste-active-salt-healthy-white-salt-lemon.jpg
COLGATE Toothpaste - Visible White,100 gm,92,89,3,4,1,http://www.bigbasket.com/media/uploads/p/s/30005254_4-colgate-toothpaste-visible-white.jpg
COLGATE Toothpaste - Visible White,50 gm,45,43,3,4,1,http://www.bigbasket.com/media/uploads/p/s/321686_4-colgate-toothpaste-visible-white.jpg
COLGATE Toothpaste - Strong Teeth, Dental Cream,150 gm,62,60,3,4,1,http://www.bigbasket.com/media/uploads/p/s/20005547_1-colgate-toothpaste-strong-teeth-dental-cream-anti-cavity.jpg
VASELINE Intensive Care Aloe Soothe Body Lotion,300 ml,235,225,3,5,1,http://www.bigbasket.com/media/uploads/p/s/266839_12-vaseline-intensive-care-aloe-soothe-body-lotion.jpg
FAIR &amp; LOVELY Advanced Multi Vitamin Face Cream,50 gm,89,85,3,5,1,http://www.bigbasket.com/media/uploads/p/s/266663_6-fair-lovely-advanced-multi-vitamin-face-cream.jpg
FAIR &amp; LOVELY Daily Fairness Expert Cream - Advanced Multi Vitamin,25 gm,47,45,3,5,1,https://lh3.googleusercontent.com/proxy/lnzDt51JHmD9QMeP7Rlt_FAMokHYSzzixxCAx2jE9aXpGWhWXUqbHiFi3mSNWGSTPsdytgKLO7_dh6Tf5sHNNhebz11j_V6lTzyaimSTOq44DRltQ6cZDsRJRDGAV__xl3veHT_o57Lp7I4qvzOsqnM6psWq1u1TkWkk-22wuszIGH4JfufkJs5Oc7l7nc2mxapUddaMTRS-moD8hd-A9dt7v_ARe4uZTrXa2KFrCOUg3oHkCjCUXnpC9VOXXQ=w384-h384-nc
FAIR &amp; LOVELY Daily Fairness Expert Cream - Advanced Multi Vitamin,80 gm,130,125,3,5,1,http://www.bigbasket.com/media/uploads/p/s/285420_6-fair-lovely-advanced-multi-vitamin-face-cream.jpg
VASELINE Intensive Care Deep Restore Body Lotion Yellow,200 ml,135,130,3,5,1,http://www.bigbasket.com/media/uploads/p/s/40002103_4-vaseline-intensive-care-deep-restore-body-lotion-yellow.jpg
VASELINE Total Moisture Deep Restore Body Lotion Yellow,100 ml,75,72,3,5,1,http://www.bigbasket.com/media/uploads/p/s/255874_4-vaseline-total-moisture-deep-restore-body-lotion-yellow.jpg
VASELINE Intensive Care Deep Restore Non Greasy Lotion,300 ml,215,205,3,5,1,http://www.bigbasket.com/media/uploads/p/s/266856_6-vaseline-intensive-care-deep-restore-non-greasy-lotion.jpg
PONDS Triple Vitamin Moisturizing Body Lotion,100 ml,73,70,3,5,1,http://www.bigbasket.com/media/uploads/p/s/266857_7-ponds-triple-vitamin-moisturising-body-lotion.jpg
PONDS Triple Vitamin Moisturizing Body Lotion,300 ml,200,192,3,5,1,http://www.bigbasket.com/media/uploads/p/s/266859_5-ponds-triple-vitamin-moisturising-body-lotion.jpg
PONDS Face Foam - White Beaty,50 gm,75,72,3,5,1,http://www.bigbasket.com/media/uploads/p/s/307150_6-ponds-face-foam-white-beauty.jpg
PONDS White Beauty - Face Cream,35 gm,135,130,3,5,1,http://www.bigbasket.com/media/uploads/p/s/40002056_4-ponds-white-beauty-face-cream.jpg
HIMALAYA Face Scrub - Clear Complexion Whitening,50 gm,70,68,3,5,1,http://www.bigbasket.com/media/uploads/p/s/40018857_1-himalaya-face-scrub-clear-complexion-whitening.jpg
HIMALAYA Face Scrub - Clear Complexion Whitening,100 gm,130,125,3,5,1,http://www.bigbasket.com/media/uploads/p/s/40018860_2-himalaya-face-scrub-clear-complexion-whitening.jpg
VASELINE Intensive Care Aloe Soothe Body Lotion,200 ml,170,162,3,5,1,http://www.bigbasket.com/media/uploads/p/s/40002098_9-vaseline-intensive-care-aloe-soothe-body-lotion.jpg
PONDS White Beauty Daily Spotless SPF 20 PA Lightening Cream,25 gm,75,72,3,5,1,http://www.bigbasket.com/media/uploads/p/s/266820_6-ponds-white-beauty-daily-spotless-spf-20-pa-lightening-cream.jpg
PONDS Dreamflower Fragrant Talc,100 gm,69,67,3,5,1,http://www.bigbasket.com/media/uploads/p/s/266854_4-ponds-dreamflower-fragrant-talc.jpg
PONDS Dreamflower Fragrant Talc,400 gm,191,181,3,5,1,http://www.bigbasket.com/media/uploads/p/s/229144_6-ponds-dreamflower-fragrant-talc.jpg
VASELINE Body Lotion - Intensive Care Healthy White,300 ml,240,230,3,5,1,http://www.bigbasket.com/media/uploads/p/s/40002100_4-vaseline-body-lotion-intensive-care-healthy-white.jpg
SUBHRA Herbal - Bath Powder,500 gm,39,37,3,5,1,http://www.bigbasket.com/media/uploads/p/s/20004418_1-subhra-herbal-bath-powder.jpg
SUBHRA Herbal - Bath Powder,200 gm,20,19,3,5,1,http://www.bigbasket.com/media/uploads/p/s/20004417_1-subhra-herbal-bath-powder.jpg
VICCO Skin Cream - Turmeric ( Ayuvedic Medicine ),15 gm,63,60,3,5,1,http://www.bigbasket.com/media/uploads/p/s/20004421_2-vicco-skin-cream-turmeric-ayurvedic-medicine.jpg
VASELINE Intensive Care Cocoa Glow Body Lotion,300 ml,255,245,3,5,1,http://www.bigbasket.com/media/uploads/p/s/286741_7-vaseline-intensive-care-cocoa-glow-body-lotion.jpg
PONDS Magic Freshness Talc,100 gm,70,68,3,5,1,http://www.bigbasket.com/media/uploads/p/s/286135_5-ponds-magic-freshness-talc.jpg
VASELINE Healthy White - Skin Lightening Body Milk,100 ml,95,90,3,5,1,http://www.bigbasket.com/media/uploads/p/s/266841_4-vaseline-healthy-white-skin-lightening-body-milk.jpg
DERMI COOL Prickly Heat Powder - Lavender,150 gm,84,80,3,5,1,http://www.bigbasket.com/media/uploads/p/s/296787_4-dermi-cool-prickly-heat-powder-lavender.jpg
DERMI COOL Prickly Heat Powder - Regular,150 gm,84,80,3,5,1,https://encrypted-tbn2.gstatic.com/images?q=tbn:ANd9GcRXt3Bb5u5wLRWYL8r-X9a6CVKOwYoAlvzZV7snfU_rhElpsgRnAMkO5YvFdw
DERMI COOL Prickly Heat Powder - Sandal,150 gm,84,80,3,5,1,https://encrypted-tbn1.gstatic.com/images?q=tbn:ANd9GcTvvA0xG5DDhUylYf7ZUQlZ0mk66a-0TdNjRCA3SKSBBdaUi0NfnW0YoCHv
SHOWER TO SHOWER Prickly Heat Powder - Sandal,150 gm,75,72,3,5,1,http://www.bigbasket.com/media/uploads/p/s/200354_1-shower-to-shower-prickly-heat-powder-sandal.jpg
Mop,1 pc,110,90,4,1,1,
Mop,1 pc,170,150,4,1,1,
Mop,1 pc,200,170,4,1,1,
Dust Broom,1 pc,110,90,4,1,1,
GOOD HOME Stainless Steel Scrubber - Magnetic Grade,1 pc,25,10,4,1,1,
Broom Grass,1 pc,80,70,4,1,1,
Broom Grass,1 pc,95,80,4,1,1,
Broom Grass,1 pc,70,60,4,1,1,
SCOTCH BRITE Scrub Pad,1 pc,15,12,4,1,1,
SUPREME Sponge - Yellow,1 pc,10,10,4,1,1,
Toilet Brush,1 pc,60,50,4,1,1,
NAPKINS,100 pc,30,20,4,1,1,
Sink Brush,1 pc,30,20,4,1,1,
Kitchen Wiper - Mini Mopy,1 pc,30,20,4,1,1,
Cloth Brush Wooden,1 pc,40,30,4,1,1,
SURF EXCEL Matic Front Load Detergent Powder,2 kg,435,420,4,2,1,
Murukulu doddu,1 kg,200,180,2,7,1,https://encrypted-tbn0.gstatic.com/images?q=tbn:ANd9GcRoGR6GbdczSjBbkZe6fB-c8F-RSXyx42uzR1Y2as4duZxyZ2VjvAOAIy1v
